Asset ID,Asset,Type,Owner,Criticality,Data Classification,Threats,Vulnerabilities
A-001,Online Banking Portal,Application,Digital Banking Manager,Critical,Confidential,"Credential theft; DDoS; web attacks","Weak authentication; unpatched software; insecure configuration"
A-002,Mobile Banking Application,Application,Mobile Banking Manager,Critical,Confidential,"Account takeover; API attacks; malicious apps","API vulnerabilities; weak session management; outdated libraries"
A-003,Customer Database,Database,DBA,Critical,Restricted,"Ransomware; data theft; SQL injection","Excessive privileges; weak backup isolation; unpatched DB"
A-004,Core Banking System,System,Core Banking Manager,Critical,Restricted,"Malware; unauthorized access; outage","Legacy components; excessive privileges; inadequate segmentation"
A-005,Customer PII Repository,Database,Data Protection Officer,Critical,Restricted,"Data breach; insider threat; ransomware","Excessive access; insufficient encryption; poor retention"
A-006,Employee Laptops,Endpoint,IT Operations Manager,High,Confidential,"Malware; phishing; ransomware","Missing patches; local admin rights; weak endpoint controls"
A-007,Employee Email System,Cloud Service,Messaging Manager,High,Confidential,"Phishing; BEC; malware","Weak phishing protection; compromised credentials"
A-008,Active Directory,Identity System,IAM Manager,Critical,Restricted,"Credential compromise; privilege escalation","Excessive privileges; weak password policy; stale accounts"
A-009,Privileged Access Management,Security System,IAM/Security Manager,Critical,Restricted,"Privileged account compromise","Incomplete coverage; poor monitoring; shared privileged accounts"
A-010,Network Firewalls,Network Security,Network Manager,Critical,Internal,"Unauthorized access; network intrusion","Misconfigured rules; outdated firmware; excessive open ports"
A-011,VPN Gateway,Network Security,Network Manager,High,Confidential,"Credential theft; unauthorized remote access","Weak authentication; outdated VPN software"
A-012,SIEM Platform,Security Platform,SOC Manager,High,Confidential,"Log tampering; missed attacks","Incomplete log collection; poor alert tuning; retention gaps"
A-013,EDR Platform,Security Platform,SOC Manager,High,Confidential,"Malware; ransomware; endpoint compromise","Incomplete deployment; disabled agents; outdated agents"
A-014,Backup & Recovery System,Infrastructure,Infrastructure Manager,Critical,Restricted,"Ransomware; data loss; disaster","Insufficient isolation; untested recovery procedures"
A-015,Disaster Recovery Site,Infrastructure,Business Continuity Manager,Critical,Confidential,"Natural disaster; cyberattack; infrastructure failure","Infrequent testing; outdated recovery procedures"
A-016,ATM Network,Network/System,ATM Operations Manager,Critical,Restricted,"ATM malware; fraud; network attack","Legacy systems; weak segmentation; outdated software"
A-017,Payment Processing System,Application/System,Payments Manager,Critical,Restricted,"Payment fraud; ransomware; unauthorized transactions","Excessive privileges; inadequate monitoring"
A-018,Vendor Management Platform,Application,Third-Party Risk Manager,Medium,Confidential,"Supply-chain attack; unauthorized vendor access","Incomplete vendor reviews; excessive third-party access"
A-019,Vulnerability Management Platform,Security Platform,Vulnerability Management Lead,High,Internal,"Exploitation of vulnerabilities","Incomplete asset coverage; delayed remediation"
A-020,Physical Data Center,Facility,Data Center Manager,Critical,Restricted,"Physical intrusion; fire; power failure","Single points of failure; inadequate physical controls"