Control,Implementation Activity,Owner,Evidence,Frequency,Status
A.5.1,Approve and publish ISMS policies,ISMS Owner,Policy approval record,Annual/triggered,Complete
A.5.9,Maintain asset inventory and ownership,ISMS Owner,Asset register,Quarterly,Complete
A.5.15,Enforce RBAC and least privilege,IT Manager,Access review reports,Quarterly,Complete
A.5.23,Maintain AWS security baseline and shared-responsibility review,Cloud Lead,AWS review/checklist,Quarterly,Complete
A.5.24,Maintain incident response plan and contact tree,Security Lead,IR plan and exercise report,Annual,Complete
A.5.29,Test security continuity requirements,Operations,BCP/DR exercise,Annual,Complete
A.5.34,Maintain privacy requirements and PII handling,Privacy Counsel,PII register/DPIA where needed,Annual,Complete
A.6.3,Deliver security awareness and phishing exercises,HR Director,Training completion/report,Annual,Complete
A.6.7,Enforce remote-work security baseline,IT Manager,MDM policy report,Continuous,Complete
A.7.14,Sanitize or securely dispose of equipment,IT Manager,Disposal certificates,Per event,Complete
A.8.2,Restrict privileged access and monitor it,Security Lead,Privileged access review,Monthly,Complete
A.8.4,Protect source-code access,Engineering Director,GitHub access review,Quarterly,Complete
A.8.8,Scan vulnerabilities and track remediation,Security Lead,Vulnerability dashboard,Weekly,Complete
A.8.13,Back up critical information and test restores,Cloud Lead,Backup logs/restore test,Daily/Quarterly,Complete
A.8.15,Centralize security-relevant logs,Security Lead,SIEM coverage report,Continuous,Complete
A.8.16,Monitor anomalous activity and security events,SOC Lead,SIEM alerts/use cases,Continuous,Complete
A.8.20,Secure production networks,Cloud Lead,Network diagrams/security groups,Quarterly,Complete
A.8.22,Separate production/non-production networks,Cloud Lead,Architecture evidence,Quarterly,Complete
A.8.24,Encrypt data in transit and at rest,Security Lead,KMS/TLS configuration,Continuous,Complete
A.8.25,Operate secure SDLC,Engineering Director,SDLC procedure/checklist,Per release,Complete
A.8.28,Enforce secure coding practices,Engineering Director,Code review/SAST evidence,Per PR,Complete
A.8.29,Perform security testing before release,QA Lead,DAST/SAST/pen-test reports,Per release,Complete
A.8.31,Separate development/test/production,Engineering Director,Environment access evidence,Continuous,Complete
A.8.32,Use controlled change management,Engineering Director,Change tickets/approvals,Per change,Complete
A.8.34,Protect systems during audit testing,Security Lead,Audit test authorization,Per audit,Complete
