Evidence ID,Control/Requirement,Evidence,Owner,Period,Result
E-001,A.5.1,Approved Information Security Policy,ISMS Owner,Annual,Pass
E-002,A.5.9,Asset inventory review record,ISMS Owner,Q3,Pass
E-003,A.5.15/A.5.18,Quarterly access review report,IT Manager,Q3,Pass
E-004,A.6.3,Security training completion report,HR Director,Q3,Pass
E-005,A.6.7,MDM compliance report,IT Manager,Q3,Pass
E-006,A.8.2,Privileged access review,Security Lead,Q3,Pass
E-007,A.8.8,Vulnerability scan and remediation dashboard,Security Lead,Q3,Pass
E-008,A.8.13,Backup success and restore-test report,Cloud Lead,Q3,Pass
E-009,A.8.15/A.8.16,SIEM log-source and alert coverage report,SOC Lead,Q3,Pass
E-010,A.8.25/A.8.28,Secure SDLC checklist and code-review sample,Engineering,Q3,Pass
E-011,A.8.29,Release security testing evidence,QA Lead,Q3,Pass
E-012,A.8.32,Change sample with approvals,Engineering,Q3,Pass
E-013,A.5.24/A.5.26,Incident-response tabletop report,Security Lead,Q3,Minor finding
E-014,A.5.19/A.5.20,Vendor security assessment and contract clauses,Procurement,Q3,Pass
E-015,Clause 9.2,Internal audit report,Internal Audit,Q3,Minor findings
